user1000@fake.com,user0500
user1002@fake.com,user0500
user1004@fake.com,user0500
user1006@fake.com,user0500
user1008@fake.com,user0500
user1010@fake.com,user0500
user1012@fake.com,user0500
user1014@fake.com,user0500
user1016@fake.com,user0500
user1018@fake.com,user0500
user1020@fake.com,user0500
user1022@fake.com,user0500
user1024@fake.com,user0500
user1026@fake.com,user0500
user1028@fake.com,user0500
user1030@fake.com,user0500
user1032@fake.com,user0500
user1034@fake.com,user0500
user1036@fake.com,user0500
user1038@fake.com,user0500
user1040@fake.com,user0500
user1042@fake.com,user0500
user1044@fake.com,user0500
user1046@fake.com,user0500
user1048@fake.com,user0500
user1050@fake.com,user0500
user1052@fake.com,user0500
user1054@fake.com,user0500
user1056@fake.com,user0500
user1058@fake.com,user0500
user1060@fake.com,user0500
user1062@fake.com,user0500
user1064@fake.com,user0500
user1066@fake.com,user0500
user1068@fake.com,user0500
user1070@fake.com,user0500
user1072@fake.com,user0500
user1074@fake.com,user0500
user1076@fake.com,user0500
user1078@fake.com,user0500
user1080@fake.com,user0500
user1082@fake.com,user0500
user1084@fake.com,user0500
user1086@fake.com,user0500
user1088@fake.com,user0500
user1090@fake.com,user0500
user1092@fake.com,user0500
user1094@fake.com,user0500
user1096@fake.com,user0500
user1098@fake.com,user0500
user1100@fake.com,user0500
user1102@fake.com,user0500
user1104@fake.com,user0500
user1106@fake.com,user0500
user1108@fake.com,user0500
user1110@fake.com,user0500
user1112@fake.com,user0500
user1114@fake.com,user0500
user1116@fake.com,user0500
user1118@fake.com,user0500
user1120@fake.com,user0500
user1122@fake.com,user0500
user1124@fake.com,user0500
user1126@fake.com,user0500
user1128@fake.com,user0500
user1130@fake.com,user0500
user1132@fake.com,user0500
user1134@fake.com,user0500
user1136@fake.com,user0500
user1138@fake.com,user0500
user1140@fake.com,user0500
user1142@fake.com,user0500
user1144@fake.com,user0500
user1146@fake.com,user0500
user1148@fake.com,user0500
user1150@fake.com,user0500
user1152@fake.com,user0500
user1154@fake.com,user0500
user1156@fake.com,user0500
user1158@fake.com,user0500
user1160@fake.com,user0500
user1162@fake.com,user0500
user1164@fake.com,user0500
user1166@fake.com,user0500
user1168@fake.com,user0500
user1170@fake.com,user0500
user1172@fake.com,user0500
user1174@fake.com,user0500
user1176@fake.com,user0500
user1178@fake.com,user0500
user1180@fake.com,user0500
user1182@fake.com,user0500
user1184@fake.com,user0500
user1186@fake.com,user0500
user1188@fake.com,user0500
user1190@fake.com,user0500
user1192@fake.com,user0500
user1194@fake.com,user0500
user1196@fake.com,user0500
user1198@fake.com,user0500
user1200@fake.com,user0500
user1202@fake.com,user0500
user1204@fake.com,user0500
user1206@fake.com,user0500
user1208@fake.com,user0500
user1210@fake.com,user0500
user1212@fake.com,user0500
user1214@fake.com,user0500
user1216@fake.com,user0500
user1218@fake.com,user0500
user1220@fake.com,user0500
user1222@fake.com,user0500
user1224@fake.com,user0500
user1226@fake.com,user0500
user1228@fake.com,user0500
user1230@fake.com,user0500
user1232@fake.com,user0500
user1234@fake.com,user0500
user1236@fake.com,user0500
user1238@fake.com,user0500
user1240@fake.com,user0500
user1242@fake.com,user0500
user1244@fake.com,user0500
user1246@fake.com,user0500
user1248@fake.com,user0500
user1250@fake.com,user0500
user1252@fake.com,user0500
user1254@fake.com,user0500
user1256@fake.com,user0500
user1258@fake.com,user0500
user1260@fake.com,user0500
user1262@fake.com,user0500
user1264@fake.com,user0500
user1266@fake.com,user0500
user1268@fake.com,user0500
user1270@fake.com,user0500
user1272@fake.com,user0500
user1274@fake.com,user0500
user1276@fake.com,user0500
user1278@fake.com,user0500
user1280@fake.com,user0500
user1282@fake.com,user0500
user1284@fake.com,user0500
user1286@fake.com,user0500
user1288@fake.com,user0500
user1290@fake.com,user0500
user1292@fake.com,user0500
user1294@fake.com,user0500
user1296@fake.com,user0500
user1298@fake.com,user0500
user1300@fake.com,user0500
user1302@fake.com,user0500
user1304@fake.com,user0500
user1306@fake.com,user0500
user1308@fake.com,user0500
user1310@fake.com,user0500
user1312@fake.com,user0500
user1314@fake.com,user0500
user1316@fake.com,user0500
user1318@fake.com,user0500
user1320@fake.com,user0500
user1322@fake.com,user0500
user1324@fake.com,user0500
user1326@fake.com,user0500
user1328@fake.com,user0500
user1330@fake.com,user0500
user1332@fake.com,user0500
user1334@fake.com,user0500
user1336@fake.com,user0500
user1338@fake.com,user0500
user1340@fake.com,user0500
user1342@fake.com,user0500
user1344@fake.com,user0500
user1346@fake.com,user0500
user1348@fake.com,user0500
user1350@fake.com,user0500
user1352@fake.com,user0500
user1354@fake.com,user0500
user1356@fake.com,user0500
user1358@fake.com,user0500
user1360@fake.com,user0500
user1362@fake.com,user0500
user1364@fake.com,user0500
user1366@fake.com,user0500
user1368@fake.com,user0500
user1370@fake.com,user0500
user1372@fake.com,user0500
user1374@fake.com,user0500
user1376@fake.com,user0500
user1378@fake.com,user0500
user1380@fake.com,user0500
user1382@fake.com,user0500
user1384@fake.com,user0500
user1386@fake.com,user0500
user1388@fake.com,user0500
user1390@fake.com,user0500
user1392@fake.com,user0500
user1394@fake.com,user0500
user1396@fake.com,user0500
user1398@fake.com,user0500
user1400@fake.com,user0500
user1402@fake.com,user0500
user1404@fake.com,user0500
user1406@fake.com,user0500
user1408@fake.com,user0500
user1410@fake.com,user0500
user1412@fake.com,user0500
user1414@fake.com,user0500
user1416@fake.com,user0500
user1418@fake.com,user0500
user1420@fake.com,user0500
user1422@fake.com,user0500
user1424@fake.com,user0500
user1426@fake.com,user0500
user1428@fake.com,user0500
user1430@fake.com,user0500
user1432@fake.com,user0500
user1434@fake.com,user0500
user1436@fake.com,user0500
user1438@fake.com,user0500
user1440@fake.com,user0500
user1442@fake.com,user0500
user1444@fake.com,user0500
user1446@fake.com,user0500
user1448@fake.com,user0500
user1450@fake.com,user0500
user1452@fake.com,user0500
user1454@fake.com,user0500
user1456@fake.com,user0500
user1458@fake.com,user0500
user1460@fake.com,user0500
user1462@fake.com,user0500
user1464@fake.com,user0500
user1466@fake.com,user0500
user1468@fake.com,user0500
user1470@fake.com,user0500
user1472@fake.com,user0500
user1474@fake.com,user0500
user1476@fake.com,user0500
user1478@fake.com,user0500
user1480@fake.com,user0500
user1482@fake.com,user0500
user1484@fake.com,user0500
user1486@fake.com,user0500
user1488@fake.com,user0500
user1490@fake.com,user0500
user1492@fake.com,user0500
user1494@fake.com,user0500
user1496@fake.com,user0500
user1498@fake.com,user0500
user1500@fake.com,user0500
user1502@fake.com,user0500
user1504@fake.com,user0500
user1506@fake.com,user0500
user1508@fake.com,user0500
user1510@fake.com,user0500
user1512@fake.com,user0500
user1514@fake.com,user0500
user1516@fake.com,user0500
user1518@fake.com,user0500
user1520@fake.com,user0500
user1522@fake.com,user0500
user1524@fake.com,user0500
user1526@fake.com,user0500
user1528@fake.com,user0500
user1530@fake.com,user0500
user1532@fake.com,user0500
user1534@fake.com,user0500
user1536@fake.com,user0500
user1538@fake.com,user0500
user1540@fake.com,user0500
user1542@fake.com,user0500
user1544@fake.com,user0500
user1546@fake.com,user0500
user1548@fake.com,user0500
user1550@fake.com,user0500
user1552@fake.com,user0500
user1554@fake.com,user0500
user1556@fake.com,user0500
user1558@fake.com,user0500
user1560@fake.com,user0500
user1562@fake.com,user0500
user1564@fake.com,user0500
user1566@fake.com,user0500
user1568@fake.com,user0500
user1570@fake.com,user0500
user1572@fake.com,user0500
user1574@fake.com,user0500
user1576@fake.com,user0500
user1578@fake.com,user0500
user1580@fake.com,user0500
user1582@fake.com,user0500
user1584@fake.com,user0500
user1586@fake.com,user0500
user1588@fake.com,user0500
user1590@fake.com,user0500
user1592@fake.com,user0500
user1594@fake.com,user0500
user1596@fake.com,user0500
user1598@fake.com,user0500
user1600@fake.com,user0500
user1602@fake.com,user0500
user1604@fake.com,user0500
user1606@fake.com,user0500
user1608@fake.com,user0500
user1610@fake.com,user0500
user1612@fake.com,user0500
user1614@fake.com,user0500
user1616@fake.com,user0500
user1618@fake.com,user0500
user1620@fake.com,user0500
user1622@fake.com,user0500
user1624@fake.com,user0500
user1626@fake.com,user0500
user1628@fake.com,user0500
user1630@fake.com,user0500
user1632@fake.com,user0500
user1634@fake.com,user0500
user1636@fake.com,user0500
user1638@fake.com,user0500
user1640@fake.com,user0500
user1642@fake.com,user0500
user1644@fake.com,user0500
user1646@fake.com,user0500
user1648@fake.com,user0500
user1650@fake.com,user0500
user1652@fake.com,user0500
user1654@fake.com,user0500
user1656@fake.com,user0500
user1658@fake.com,user0500
user1660@fake.com,user0500
user1662@fake.com,user0500
user1664@fake.com,user0500
user1666@fake.com,user0500
user1668@fake.com,user0500
user1670@fake.com,user0500
user1672@fake.com,user0500
user1674@fake.com,user0500
user1676@fake.com,user0500
user1678@fake.com,user0500
user1680@fake.com,user0500
user1682@fake.com,user0500
user1684@fake.com,user0500
user1686@fake.com,user0500
user1688@fake.com,user0500
user1690@fake.com,user0500
user1692@fake.com,user0500
user1694@fake.com,user0500
user1696@fake.com,user0500
user1698@fake.com,user0500
user1700@fake.com,user0500
user1702@fake.com,user0500
user1704@fake.com,user0500
user1706@fake.com,user0500
user1708@fake.com,user0500
user1710@fake.com,user0500
user1712@fake.com,user0500
user1714@fake.com,user0500
user1716@fake.com,user0500
user1718@fake.com,user0500
user1720@fake.com,user0500
user1722@fake.com,user0500
user1724@fake.com,user0500
user1726@fake.com,user0500
user1728@fake.com,user0500
user1730@fake.com,user0500
user1732@fake.com,user0500
user1734@fake.com,user0500
user1736@fake.com,user0500
user1738@fake.com,user0500
user1740@fake.com,user0500
user1742@fake.com,user0500
user1744@fake.com,user0500
user1746@fake.com,user0500
user1748@fake.com,user0500
user1750@fake.com,user0500
user1752@fake.com,user0500
user1754@fake.com,user0500
user1756@fake.com,user0500
user1758@fake.com,user0500
user1760@fake.com,user0500
user1762@fake.com,user0500
user1764@fake.com,user0500
user1766@fake.com,user0500
user1768@fake.com,user0500
user1770@fake.com,user0500
user1772@fake.com,user0500
user1774@fake.com,user0500
user1776@fake.com,user0500
user1778@fake.com,user0500
user1780@fake.com,user0500
user1782@fake.com,user0500
user1784@fake.com,user0500
user1786@fake.com,user0500
user1788@fake.com,user0500
user1790@fake.com,user0500
user1792@fake.com,user0500
user1794@fake.com,user0500
user1796@fake.com,user0500
user1798@fake.com,user0500
user1800@fake.com,user0500
user1802@fake.com,user0500
user1804@fake.com,user0500
user1806@fake.com,user0500
user1808@fake.com,user0500
user1810@fake.com,user0500
user1812@fake.com,user0500
user1814@fake.com,user0500
user1816@fake.com,user0500
user1818@fake.com,user0500
user1820@fake.com,user0500
user1822@fake.com,user0500
user1824@fake.com,user0500
user1826@fake.com,user0500
user1828@fake.com,user0500
user1830@fake.com,user0500
user1832@fake.com,user0500
user1834@fake.com,user0500
user1836@fake.com,user0500
user1838@fake.com,user0500
user1840@fake.com,user0500
user1842@fake.com,user0500
user1844@fake.com,user0500
user1846@fake.com,user0500
user1848@fake.com,user0500
user1850@fake.com,user0500
user1852@fake.com,user0500
user1854@fake.com,user0500
user1856@fake.com,user0500
user1858@fake.com,user0500
user1860@fake.com,user0500
user1862@fake.com,user0500
user1864@fake.com,user0500
user1866@fake.com,user0500
user1868@fake.com,user0500
user1870@fake.com,user0500
user1872@fake.com,user0500
user1874@fake.com,user0500
user1876@fake.com,user0500
user1878@fake.com,user0500
user1880@fake.com,user0500
user1882@fake.com,user0500
user1884@fake.com,user0500
user1886@fake.com,user0500
user1888@fake.com,user0500
user1890@fake.com,user0500
user1892@fake.com,user0500
user1894@fake.com,user0500
user1896@fake.com,user0500
user1898@fake.com,user0500
user1900@fake.com,user0500
user1902@fake.com,user0500
user1904@fake.com,user0500
user1906@fake.com,user0500
user1908@fake.com,user0500
user1910@fake.com,user0500
user1912@fake.com,user0500
user1914@fake.com,user0500
user1916@fake.com,user0500
user1918@fake.com,user0500
user1920@fake.com,user0500
user1922@fake.com,user0500
user1924@fake.com,user0500
user1926@fake.com,user0500
user1928@fake.com,user0500
user1930@fake.com,user0500
user1932@fake.com,user0500
user1934@fake.com,user0500
user1936@fake.com,user0500
user1938@fake.com,user0500
user1940@fake.com,user0500
user1942@fake.com,user0500
user1944@fake.com,user0500
user1946@fake.com,user0500
user1948@fake.com,user0500
user1950@fake.com,user0500
user1952@fake.com,user0500
user1954@fake.com,user0500
user1956@fake.com,user0500
user1958@fake.com,user0500
user1960@fake.com,user0500
user1962@fake.com,user0500
user1964@fake.com,user0500
user1966@fake.com,user0500
user1968@fake.com,user0500
user1970@fake.com,user0500
user1972@fake.com,user0500
user1974@fake.com,user0500
user1976@fake.com,user0500
user1978@fake.com,user0500
user1980@fake.com,user0500
user1982@fake.com,user0500
user1984@fake.com,user0500
user1986@fake.com,user0500
user1988@fake.com,user0500
user1990@fake.com,user0500
user1992@fake.com,user0500
user1994@fake.com,user0500
user1996@fake.com,user0500
user1998@fake.com,user0500
user2000@fake.com,user0500
user2002@fake.com,user0500
user2004@fake.com,user0500
user2006@fake.com,user0500
user2008@fake.com,user0500
user2010@fake.com,user0500
user2012@fake.com,user0500
user2014@fake.com,user0500
user2016@fake.com,user0500
user2018@fake.com,user0500
user2020@fake.com,user0500
user2022@fake.com,user0500
user2024@fake.com,user0500
user2026@fake.com,user0500
user2028@fake.com,user0500
user2030@fake.com,user0500
user2032@fake.com,user0500
user2034@fake.com,user0500
user2036@fake.com,user0500
user2038@fake.com,user0500
user2040@fake.com,user0500
user2042@fake.com,user0500
user2044@fake.com,user0500
user2046@fake.com,user0500
user2048@fake.com,user0500
user2050@fake.com,user0500
user2052@fake.com,user0500
user2054@fake.com,user0500
user2056@fake.com,user0500
user2058@fake.com,user0500
user2060@fake.com,user0500
user2062@fake.com,user0500
user2064@fake.com,user0500
user2066@fake.com,user0500
user2068@fake.com,user0500
user2070@fake.com,user0500
user2072@fake.com,user0500
user2074@fake.com,user0500
user2076@fake.com,user0500
user2078@fake.com,user0500
user2080@fake.com,user0500
user2082@fake.com,user0500
user2084@fake.com,user0500
user2086@fake.com,user0500
user2088@fake.com,user0500
user2090@fake.com,user0500
user2092@fake.com,user0500
user2094@fake.com,user0500
user2096@fake.com,user0500
user2098@fake.com,user0500
user2100@fake.com,user0500
user2102@fake.com,user0500
user2104@fake.com,user0500
user2106@fake.com,user0500
user2108@fake.com,user0500
user2110@fake.com,user0500
user2112@fake.com,user0500
user2114@fake.com,user0500
user2116@fake.com,user0500
user2118@fake.com,user0500
user2120@fake.com,user0500
user2122@fake.com,user0500
user2124@fake.com,user0500
user2126@fake.com,user0500
user2128@fake.com,user0500
user2130@fake.com,user0500
user2132@fake.com,user0500
user2134@fake.com,user0500
user2136@fake.com,user0500
user2138@fake.com,user0500
user2140@fake.com,user0500
user2142@fake.com,user0500
user2144@fake.com,user0500
user2146@fake.com,user0500
user2148@fake.com,user0500
user2150@fake.com,user0500
user2152@fake.com,user0500
user2154@fake.com,user0500
user2156@fake.com,user0500
user2158@fake.com,user0500
user2160@fake.com,user0500
user2162@fake.com,user0500
user2164@fake.com,user0500
user2166@fake.com,user0500
user2168@fake.com,user0500
user2170@fake.com,user0500
user2172@fake.com,user0500
user2174@fake.com,user0500
user2176@fake.com,user0500
user2178@fake.com,user0500
user2180@fake.com,user0500
user2182@fake.com,user0500
user2184@fake.com,user0500
user2186@fake.com,user0500
user2188@fake.com,user0500
user2190@fake.com,user0500
user2192@fake.com,user0500
user2194@fake.com,user0500
user2196@fake.com,user0500
user2198@fake.com,user0500
